cityCode,isCapital,provinceCode,regionCode,islandGroupCode,cityName
12805000,False,12800000.0,10000000,luzon,batac
12812000,True,12800000.0,10000000,luzon,laoag
12906000,False,12900000.0,10000000,luzon,candon
12934000,True,12900000.0,10000000,luzon,vigan
13314000,True,13300000.0,10000000,luzon,san fernando
15503000,False,15500000.0,10000000,luzon,alaminos
15518000,False,15500000.0,10000000,luzon,dagupan
15532000,False,15500000.0,10000000,luzon,san carlos
15546000,False,15500000.0,10000000,luzon,urdaneta
21529000,True,21500000.0,20000000,luzon,tuguegarao
23108000,False,23100000.0,20000000,luzon,cauayan
23114000,True,23100000.0,20000000,luzon,ilagan
23135000,False,23100000.0,20000000,luzon,santiago
30803000,True,30800000.0,30000000,luzon,balanga
31410000,True,31400000.0,30000000,luzon,malolos
31412000,False,31400000.0,30000000,luzon,meycauayan
31420000,False,31400000.0,30000000,luzon,san jose del monte
34903000,False,34900000.0,30000000,luzon,cabanatuan
34908000,False,34900000.0,30000000,luzon,gapan
34917000,False,34900000.0,30000000,luzon,muñoz
34919000,True,34900000.0,30000000,luzon,palayan
34926000,False,34900000.0,30000000,luzon,san jose
35401000,False,35400000.0,30000000,luzon,angeles
35409000,False,35400000.0,30000000,luzon,mabalacat
35416000,True,35400000.0,30000000,luzon,san fernando
36916000,True,36900000.0,30000000,luzon,tarlac
37107000,False,37100000.0,30000000,luzon,olongapo
41005000,True,41000000.0,40000000,luzon,batangas
41014000,False,41000000.0,40000000,luzon,lipa
41028000,False,41000000.0,40000000,luzon,sto. tomas
41031000,False,41000000.0,40000000,luzon,tanauan
42103000,False,42100000.0,40000000,luzon,bacoor
42105000,False,42100000.0,40000000,luzon,cavite
42106000,False,42100000.0,40000000,luzon,dasmariñas
42108000,False,42100000.0,40000000,luzon,general trias
42109000,False,42100000.0,40000000,luzon,imus
42119000,False,42100000.0,40000000,luzon,tagaytay
42122000,True,42100000.0,40000000,luzon,trece martires
43403000,False,43400000.0,40000000,luzon,biñan
43404000,False,43400000.0,40000000,luzon,cabuyao
43405000,False,43400000.0,40000000,luzon,calamba
43424000,False,43400000.0,40000000,luzon,san pablo
43425000,False,43400000.0,40000000,luzon,san pedro
43428000,False,43400000.0,40000000,luzon,santa rosa
45624000,True,45600000.0,40000000,luzon,lucena
45647000,False,45600000.0,40000000,luzon,tayabas
45802000,True,45800000.0,40000000,luzon,antipolo
175205000,True,175200000.0,170000000,luzon,calapan
175316000,True,175300000.0,170000000,luzon,puerto princesa
50506000,True,50500000.0,50000000,luzon,legazpi
50508000,False,50500000.0,50000000,luzon,ligao
50517000,False,50500000.0,50000000,luzon,tabaco
51716000,False,51700000.0,50000000,luzon,iriga
51724000,False,51700000.0,50000000,luzon,naga
54111000,True,54100000.0,50000000,luzon,masbate
56216000,True,56200000.0,50000000,luzon,sorsogon
61914000,True,61900000.0,60000000,visayas,roxas
63022000,True,63000000.0,60000000,visayas,iloilo
63035000,False,63000000.0,60000000,visayas,passi
64501000,True,64500000.0,60000000,visayas,bacolod
64502000,False,64500000.0,60000000,visayas,bago
64504000,False,64500000.0,60000000,visayas,cadiz
64509000,False,64500000.0,60000000,visayas,escalante
64510000,False,64500000.0,60000000,visayas,himamaylan
64515000,False,64500000.0,60000000,visayas,kabankalan
64516000,False,64500000.0,60000000,visayas,la carlota
64523000,False,64500000.0,60000000,visayas,sagay
64524000,False,64500000.0,60000000,visayas,san carlos
64526000,False,64500000.0,60000000,visayas,silay
64527000,False,64500000.0,60000000,visayas,sipalay
64528000,False,64500000.0,60000000,visayas,talisay
64531000,False,64500000.0,60000000,visayas,victorias
71242000,True,71200000.0,70000000,visayas,tagbilaran
72211000,False,72200000.0,70000000,visayas,bogo
72214000,False,72200000.0,70000000,visayas,carcar
72217000,True,72200000.0,70000000,visayas,cebu
72223000,False,72200000.0,70000000,visayas,danao
72226000,False,72200000.0,70000000,visayas,lapu-lapu
72230000,False,72200000.0,70000000,visayas,mandaue
72234000,False,72200000.0,70000000,visayas,naga
72250000,False,72200000.0,70000000,visayas,talisay
72251000,False,72200000.0,70000000,visayas,toledo
74604000,False,74600000.0,70000000,visayas,bais
74606000,False,74600000.0,70000000,visayas,bayawan
74608000,False,74600000.0,70000000,visayas,canlaon
74610000,True,74600000.0,70000000,visayas,dumaguete
74611000,False,74600000.0,70000000,visayas,guihulngan
74621000,False,74600000.0,70000000,visayas,tanjay
82604000,True,82600000.0,80000000,visayas,borongan
83708000,False,83700000.0,80000000,visayas,baybay
83738000,False,83700000.0,80000000,visayas,ormoc
83747000,True,83700000.0,80000000,visayas,tacloban
86003000,False,86000000.0,80000000,visayas,calbayog
86005000,True,86000000.0,80000000,visayas,catbalogan
86407000,True,86400000.0,80000000,visayas,maasin
97201000,False,97200000.0,90000000,mindanao,dapitan
97202000,True,97200000.0,90000000,mindanao,dipolog
97322000,True,97300000.0,90000000,mindanao,pagadian
97332000,False,97300000.0,90000000,mindanao,zamboanga
99701000,False,150700000,90000000,mindanao,isabela
101312000,True,101300000.0,100000000,mindanao,malaybalay
101321000,False,101300000.0,100000000,mindanao,valencia
103504000,False,103500000.0,100000000,mindanao,iligan
104209000,True,104200000.0,100000000,mindanao,oroquieta
104210000,False,104200000.0,100000000,mindanao,ozamiz
104215000,False,104200000.0,100000000,mindanao,tangub
104305000,True,104300000.0,100000000,mindanao,cagayan de oro
104307000,False,104300000.0,100000000,mindanao,el salvador
104308000,False,104300000.0,100000000,mindanao,gingoog
112315000,False,112300000.0,110000000,mindanao,panabo
112317000,False,112300000.0,110000000,mindanao,samal
112319000,True,112300000.0,110000000,mindanao,tagum
112402000,False,112400000.0,110000000,mindanao,davao
112403000,True,112400000.0,110000000,mindanao,digos
112509000,True,112500000.0,110000000,mindanao,mati
124704000,True,124700000.0,120000000,mindanao,kidapawan
126303000,False,126300000.0,120000000,mindanao,general santos
126306000,True,126300000.0,120000000,mindanao,koronadal
126511000,False,126500000.0,120000000,mindanao,tacurong
133900000,False,130000000,130000000,luzon,manila
137401000,False,130000000,130000000,luzon,mandaluyong
137402000,False,130000000,130000000,luzon,marikina
137403000,False,130000000,130000000,luzon,pasig
137404000,False,130000000,130000000,luzon,quezon
137405000,False,130000000,130000000,luzon,san juan
137501000,False,130000000,130000000,luzon,caloocan
137502000,False,130000000,130000000,luzon,malabon
137503000,False,130000000,130000000,luzon,navotas
137504000,False,130000000,130000000,luzon,valenzuela
137601000,False,130000000,130000000,luzon,las piñas
137602000,False,130000000,130000000,luzon,makati
137603000,False,130000000,130000000,luzon,muntinlupa
137604000,False,130000000,130000000,luzon,parañaque
137605000,False,130000000,130000000,luzon,pasay
137607000,False,130000000,130000000,luzon,taguig
141102000,False,141100000.0,140000000,luzon,baguio
143213000,True,143200000.0,140000000,luzon,tabuk
160202000,True,160200000.0,160000000,mindanao,butuan
160203000,False,160200000.0,160000000,mindanao,cabadbaran
160301000,False,160300000.0,160000000,mindanao,bayugan
166724000,True,166700000.0,160000000,mindanao,surigao
166803000,False,166800000.0,160000000,mindanao,bislig
166819000,True,166800000.0,160000000,mindanao,tandag
150702000,True,150700000.0,150000000,mindanao,lamitan
153617000,True,153600000.0,150000000,mindanao,marawi
129804000,False,,120000000,mindanao,cotabato
