geographyFk,houseMedianPrice,listingCount,geography,families,reliability,monthlyIncome,monthlyExpenses,netIncome,capacityToPayPagibig,capacityToPayBank,pagIbigRequiredLoan,pagIbigAmmortization,pagIbigCapacity,pagIbigGap,pagIbigLoanStatus,bankRequiredLoan,bankAmmortization,bankCapacity,bankGap,bankLoanStatus
103500000,718400.00,13,lanao del norte,167,Moderate,21146,15348,5798,7401.10,6343.80,646560,3773.15,7401.10,-3627.95,Applicable,574720,4455.80,6343.80,-1888.00,Applicable
160300000,1166800.00,4,agusan del sur,184,Moderate,18679,16513,2166,6537.65,5603.70,1050120,6128.22,6537.65,-409.43,Applicable,933440,7236.95,5603.70,1633.25,Not Applicable
128000000,688800.00,6,sarangani,148,Moderate,16965,13526,3439,5937.75,5089.50,619920,3617.68,5937.75,-2320.07,Applicable,551040,4272.21,5089.50,-817.29,Applicable
104200000,5900000.00,2,misamis occidental,148,Moderate,23528,20283,3245,8234.80,7058.40,5310000,30987.72,8234.80,22752.92,Not Applicable,4720000,36594.11,7058.40,29535.71,Not Applicable
126500000,591900.00,35,sultan kudarat,201,High,24486,15183,9303,8570.10,7345.80,532710,3108.75,8570.10,-5461.35,Applicable,473520,3671.20,7345.80,-3674.60,Applicable
112500000,522000.00,34,davao oriental,154,Moderate,18146,13143,5003,6351.10,5443.80,469800,2741.63,6351.10,-3609.47,Applicable,417600,3237.65,5443.80,-2206.15,Applicable
012800000,3091500.00,6,ilocos norte,156,Moderate,37322,25183,12139,13062.70,11196.60,2782350,16237.04,13062.70,3174.34,Not Applicable,2473200,19174.69,11196.60,7978.09,Not Applicable
041005000,1452400.00,1146,batangas,813,High,33514,23309,10205,11729.90,10054.20,1307160,7628.23,11729.90,-4101.67,Applicable,1161920,9008.35,10054.20,-1045.85,Applicable
034900000,1027900.00,213,nueva ecija,601,High,26969,21283,5686,9439.15,8090.70,925110,5398.69,9439.15,-4040.46,Applicable,822320,6375.44,8090.70,-1715.26,Applicable
042105000,1459980.00,2742,cavite,1152,High,38135,26124,12011,13347.25,11440.50,1313982,7668.04,13347.25,-5679.21,Applicable,1167984,9055.37,11440.50,-2385.13,Applicable
045800000,1161600.00,921,rizal,778,High,42171,30781,11390,14759.85,12651.30,1045440,6100.90,14759.85,-8658.95,Applicable,929280,7204.70,12651.30,-5446.60,Applicable
160200000,1623300.00,25,agusan del norte,95,Low,20650,17490,3160,7227.50,6195.00,1460970,8525.82,7227.50,1298.32,Not Applicable,1298640,10068.34,6195.00,3873.34,Not Applicable
101300000,1158700.00,4,bukidnon,363,High,21239,12421,8818,7433.65,6371.70,1042830,6085.67,7433.65,-1347.98,Applicable,926960,7186.71,6371.70,815.01,Not Applicable
099701000,2134000.00,31,isabela,27,Very Low,26192,18683,7509,9167.20,7857.60,1920600,11208.10,9167.20,2040.90,Not Applicable,1707200,13235.90,7857.60,5378.30,Not Applicable
043400000,1400000.00,1085,laguna,998,High,36824,27703,9121,12888.40,11047.20,1260000,7353.02,12888.40,-5535.38,Applicable,1120000,8683.35,11047.20,-2363.85,Applicable
030800000,1574500.00,311,bataan,215,High,32278,23600,8678,11297.30,9683.40,1417050,8269.52,11297.30,-3027.78,Applicable,1259600,9765.67,9683.40,82.27,Not Applicable
175300000,4800000.00,1,palawan,249,High,20368,13116,7252,7128.80,6110.40,4320000,25210.35,7128.80,18081.55,Not Applicable,3840000,29771.48,6110.40,23661.08,Not Applicable
153800000,3884000.00,4,maguindanao,234,High,13002,12621,381,4550.70,3900.60,3495600,20399.37,4550.70,15848.67,Not Applicable,3107200,24090.09,3900.60,20189.49,Not Applicable
112300000,770000.00,117,davao del norte,260,High,22076,18288,3788,7726.60,6622.80,693000,4044.16,7726.60,-3682.44,Applicable,616000,4775.84,6622.80,-1846.96,Applicable
137404000,2210000.00,997,quezon,495,High,20593,18090,2503,7207.55,6177.90,1989000,11607.26,7207.55,4399.71,Not Applicable,1768000,13707.29,6177.90,7529.39,Not Applicable
036916000,1188000.00,508,tarlac,366,High,30652,24973,5679,10728.20,9195.60,1069200,6239.56,10728.20,-4488.64,Applicable,950400,7368.44,9195.60,-1827.16,Applicable
021500000,1528750.00,18,cagayan,307,High,27542,18714,8828,9639.70,8262.60,1375875,8029.23,9639.70,-1610.47,Applicable,1223000,9481.91,8262.60,1219.31,Not Applicable
141100000,4500000.00,24,benguet,134,Moderate,28574,19823,8751,10000.90,8572.20,4050000,23634.70,10000.90,13633.80,Not Applicable,3600000,27910.76,8572.20,19338.56,Not Applicable
063022000,1304700.00,585,iloilo,101,Moderate,39894,25554,14340,13962.90,11968.20,1174230,6852.49,13962.90,-7110.41,Applicable,1043760,8092.26,11968.20,-3875.94,Applicable
060400000,1650000.00,6,aklan,161,Moderate,27418,20630,6788,9596.30,8225.40,1485000,8666.06,9596.30,-930.24,Applicable,1320000,10233.95,8225.40,2008.55,Not Applicable
031400000,900600.00,1776,bulacan,921,High,30995,25002,5993,10848.25,9298.50,810540,4730.09,10848.25,-6118.16,Applicable,720480,5585.87,9298.50,-3712.63,Applicable
112400000,2163000.00,222,davao del sur,209,High,24369,15560,8809,8529.15,7310.70,1946700,11360.41,8529.15,2831.26,Not Applicable,1730400,13415.77,7310.70,6105.07,Not Applicable
064500000,1137700.00,404,negros occidental,661,High,20148,16786,3362,7051.80,6044.40,1023930,5975.38,7051.80,-1076.42,Applicable,910160,7056.46,6044.40,1012.06,Not Applicable
035400000,1755900.00,828,pampanga,583,High,35959,28654,7305,12585.65,10787.70,1580310,9222.26,12585.65,-3363.39,Applicable,1404720,10890.78,10787.70,103.08,Not Applicable
126300000,1572100.00,133,south cotabato,269,High,20988,16610,4378,7345.80,6296.40,1414890,8256.91,7345.80,911.11,Not Applicable,1257680,9750.78,6296.40,3454.38,Not Applicable
037100000,1200500.00,212,zambales,178,Moderate,25239,21449,3790,8833.65,7571.70,1080450,6305.21,8833.65,-2528.44,Applicable,960400,7445.97,7571.70,-125.73,Applicable
098300000,441540.00,8,zamboanga sibugay,172,Moderate,21796,16617,5179,7628.60,6538.80,397386,2319.04,7628.60,-5309.56,Applicable,353232,2738.60,6538.80,-3800.20,Applicable
175100000,529500.00,7,occidental mindoro,132,Moderate,22431,15851,6580,7850.85,6729.30,476550,2781.02,7850.85,-5069.83,Applicable,423600,3284.17,6729.30,-3445.13,Applicable
097200000,3270024.00,4,zamboanga del norte,251,High,19797,15496,4301,6928.95,5939.10,2943021.6,17174.68,6928.95,10245.73,Not Applicable,2616019.2,20281.97,5939.10,14342.87,Not Applicable
083700000,2277000.00,173,leyte,507,High,20831,16424,4407,7290.85,6249.30,2049300,11959.16,7290.85,4668.31,Not Applicable,1821600,14122.85,6249.30,7873.55,Not Applicable
104300000,2855000.00,133,misamis oriental,240,High,23750,16118,7632,8312.50,7125.00,2569500,14994.90,8312.50,6682.40,Not Applicable,2284000,17707.83,7125.00,10582.83,Not Applicable
012900000,3671466.67,5,ilocos sur,174,Moderate,29636,19339,10297,10372.60,8890.80,3304320.003,19283.11,10372.60,8910.51,Not Applicable,2937173.336,22771.87,8890.80,13881.07,Not Applicable
086000000,976300.00,1,samar,196,Moderate,19286,14933,4353,6750.10,5785.80,878670,5127.68,6750.10,-1622.42,Applicable,781040,6055.39,5785.80,269.59,Not Applicable
051700000,1100100.00,6,camarines sur,452,High,26858,16854,10004,9400.30,8057.40,990090,5777.90,9400.30,-3622.40,Applicable,880080,6823.25,8057.40,-1234.15,Applicable
072217000,2856000.00,662,cebu,244,High,32199,21678,10521,11269.65,9659.70,2570400,15000.16,11269.65,3730.51,Not Applicable,2284800,17714.03,9659.70,8054.33,Not Applicable
061900000,3200000.00,6,capiz,218,High,22264,18773,3491,7792.40,6679.20,2880000,16806.90,7792.40,9014.50,Not Applicable,2560000,19847.65,6679.20,13168.45,Not Applicable
133900000,3800000.00,10632,manila,510,High,40233,32517,7716,14081.55,12069.90,3420000,19958.19,14081.55,5876.64,Not Applicable,3040000,23569.09,12069.90,11499.19,Not Applicable
050500000,3890500.00,4,albay,311,High,24343,17970,6373,8520.05,7302.90,3501450,20433.51,8520.05,11913.46,Not Applicable,3112400,24130.40,7302.90,16827.50,Not Applicable
015500000,453600.00,437,pangasinan,769,High,24979,17597,7382,8742.65,7493.70,408240,2382.38,8742.65,-6360.27,Applicable,362880,2813.40,7493.70,-4680.30,Applicable
097300000,2138800.00,37,zamboanga del sur,230,High,19296,13781,5515,6753.60,5788.80,1924920,11233.31,6753.60,4479.71,Not Applicable,1711040,13265.67,5788.80,7476.87,Not Applicable
071200000,2150000.00,8,bohol,332,High,24374,16104,8270,8530.90,7312.20,1935000,11292.13,8530.90,2761.23,Not Applicable,1720000,13335.14,7312.20,6022.94,Not Applicable
064501000,1146800.00,332,bacolod,147,Moderate,30597,24401,6196,10708.95,9179.10,1032120,6023.17,10708.95,-4685.78,Applicable,917440,7112.90,9179.10,-2066.20,Applicable
137502000,2964400.00,4,malabon,90,Low,31717,24793,6924,11100.95,9515.10,2667960,15569.49,11100.95,4468.54,Not Applicable,2371520,18386.37,9515.10,8871.27,Not Applicable
137604000,3990000.00,297,parañaque,206,High,46371,32041,14330,16229.85,13911.30,3591000,20956.10,16229.85,4726.25,Not Applicable,3192000,24747.54,13911.30,10836.24,Not Applicable
137501000,1573600.00,158,caloocan,392,High,32770,24742,8028,11469.50,9831.00,1416240,8264.79,11469.50,-3204.71,Applicable,1258880,9760.08,9831.00,-70.92,Applicable
045624000,1276000.00,311,lucena,68,Low,30161,25058,5103,10556.35,9048.30,1148400,6701.75,10556.35,-3854.60,Applicable,1020800,7914.25,9048.30,-1134.05,Applicable
103504000,3447000.00,2,iligan,90,Low,32105,22005,10100,11236.75,9631.50,3102300,18104.18,11236.75,6867.43,Not Applicable,2757600,21379.64,9631.50,11748.14,Not Applicable
137403000,3763260.00,342,pasig,221,High,49198,35453,13745,17219.30,14759.40,3386934,19765.23,17219.30,2545.93,Not Applicable,3010608,23341.21,14759.40,8581.81,Not Applicable
129804000,3884000.00,5,cotabato,62,Low,19376,17936,1440,6781.60,5812.80,3495600,20399.37,6781.60,13617.77,Not Applicable,3107200,24090.09,5812.80,18277.29,Not Applicable
141102000,4500000.00,24,baguio,107,Moderate,36933,24448,12485,12926.55,11079.90,4050000,23634.70,12926.55,10708.15,Not Applicable,3600000,27910.76,11079.90,16830.86,Not Applicable
072226000,1772100.00,143,lapu-lapu,132,Moderate,35687,24811,10876,12490.45,10706.10,1594890,9307.35,12490.45,-3183.10,Applicable,1417680,10991.26,10706.10,285.16,Not Applicable
104305000,2880000.00,126,cagayan de oro,205,High,32244,22031,10213,11285.40,9673.20,2592000,15126.21,11285.40,3840.81,Not Applicable,2304000,17862.89,9673.20,8189.69,Not Applicable
137602000,4203000.00,275,makati,206,High,66628,42242,24386,23319.80,19988.40,3782700,22074.81,23319.80,-1244.99,Applicable,3362400,26068.65,19988.40,6080.25,Not Applicable
137401000,4450200.00,197,mandaluyong,141,Moderate,55502,42349,13153,19425.70,16650.60,4005180,23373.14,19425.70,3947.44,Not Applicable,3560160,27601.88,16650.60,10951.28,Not Applicable
126303000,2172000.00,81,general santos,173,Moderate,27652,20299,7353,9678.20,8295.60,1954800,11407.68,9678.20,1729.48,Not Applicable,1737600,13471.59,8295.60,5175.99,Not Applicable
137601000,7560000.00,399,las piñas,163,Moderate,49578,32623,16955,17352.30,14873.40,6804000,39706.30,17352.30,22354.00,Not Applicable,6048000,46890.08,14873.40,32016.68,Not Applicable
137607000,1462500.00,949,taguig,289,High,43300,31018,12282,15155.00,12990.00,1316250,7681.28,15155.00,-7473.72,Applicable,1170000,9071.00,12990.00,-3919.00,Applicable
137605000,4789400.00,105,pasay,122,Moderate,39776,27749,12027,13921.60,11932.80,4310460,25154.67,13921.60,11233.07,Not Applicable,3831520,29705.73,11932.80,17772.93,Not Applicable
112402000,2163000.00,233,davao,564,High,34409,19873,14536,12043.15,10322.70,1946700,11360.41,12043.15,-682.74,Applicable,1730400,13415.77,10322.70,3093.07,Not Applicable
137504000,1696800.00,134,valenzuela,173,Moderate,33589,25443,8146,11756.15,10076.70,1527120,8911.86,11756.15,-2844.29,Applicable,1357440,10524.22,10076.70,447.52,Not Applicable
137603000,3260480.00,100,muntinlupa,159,Moderate,42182,31346,10836,14763.70,12654.60,2934432,17124.55,14763.70,2360.85,Not Applicable,2608384,20222.77,12654.60,7568.17,Not Applicable
160202000,1623300.00,25,butuan,94,Low,31574,23611,7963,11050.90,9472.20,1460970,8525.82,11050.90,-2525.08,Applicable,1298640,10068.34,9472.20,596.14,Not Applicable
137402000,5295000.00,22,marikina,109,Moderate,46379,37595,8784,16232.65,13913.70,4765500,27810.16,16232.65,11577.51,Not Applicable,4236000,32841.66,13913.70,18927.96,Not Applicable
035401000,1767800.00,142,angeles,139,Moderate,41828,31118,10710,14639.80,12548.40,1591020,9284.76,14639.80,-5355.04,Applicable,1414240,10964.59,12548.40,-1583.81,Applicable
037107000,1600000.00,6,olongapo,63,Low,32120,27656,4464,11242.00,9636.00,1440000,8403.45,11242.00,-2838.55,Applicable,1280000,9923.83,9636.00,287.83,Not Applicable
072230000,3657300.00,46,mandaue,124,Moderate,35401,23586,11815,12390.35,10620.30,3291570,19208.71,12390.35,6818.36,Not Applicable,2925840,22684.01,10620.30,12063.71,Not Applicable
137405000,6065000.00,63,san juan,29,Very Low,70234,54065,16169,24581.90,21070.20,5458500,31854.32,24581.90,7272.42,Not Applicable,4852000,37617.50,21070.20,16547.30,Not Applicable
097332000,2044000.00,21,zamboanga,217,High,24689,21187,3502,8641.15,7406.70,1839600,10735.41,8641.15,2094.26,Not Applicable,1635200,12677.69,7406.70,5270.99,Not Applicable
051600000,4800000.00,2,camarines norte,152,Moderate,23902,15864,8038,8365.70,7170.60,4320000,25210.35,8365.70,16844.65,Not Applicable,3840000,29771.48,7170.60,22600.88,Not Applicable
037700000,1598000.00,4,aurora,57,Low,25439,19564,5875,8903.65,7631.70,1438200,8392.94,8903.65,-510.71,Applicable,1278400,9911.42,7631.70,2279.72,Not Applicable
101800000,639000.00,1,camiguin,23,Very Low,27033,18757,8276,9461.55,8109.90,575100,3356.13,9461.55,-6105.42,Applicable,511200,3963.33,8109.90,-4146.57,Applicable
060600000,1708000.00,5,antique,151,Moderate,25553,18032,7521,8943.55,7665.90,1537200,8970.68,8943.55,27.13,Not Applicable,1366400,10593.68,7665.90,2927.78,Not Applicable
118200000,872100.00,2,davao de oro,195,Moderate,23143,13746,9397,8100.05,6942.90,784890,4580.40,8100.05,-3519.65,Applicable,697680,5409.11,6942.90,-1533.79,Applicable
175200000,6169000.00,1,oriental mindoro,219,High,22198,16525,5673,7769.30,6659.40,5552100,32400.55,7769.30,24631.25,Not Applicable,4935200,38262.55,6659.40,31603.15,Not Applicable
166700000,4168000.00,1,surigao del norte,136,Moderate,27808,17414,10394,9732.80,8342.40,3751200,21890.98,9732.80,12158.18,Not Applicable,3334400,25851.57,8342.40,17509.17,Not Applicable
013300000,1316000.00,1,la union,207,High,32777,21613,11164,11471.95,9833.10,1184400,6911.84,11471.95,-4560.11,Applicable,1052800,8162.35,9833.10,-1670.75,Applicable
056216000,168019000.00,2,sorsogon,188,Moderate,19962,16959,3003,6986.70,5988.60,151217100,882461.95,6986.70,875475.25,Not Applicable,134415200,1042119.61,5988.60,1036131.01,Not Applicable
083747000,3241000.00,2,tacloban,58,Low,34503,24793,9710,12076.05,10350.90,2916900,17022.24,12076.05,4946.19,Not Applicable,2592800,20101.95,10350.90,9751.05,Not Applicable
099701000,2134000.00,31,isabela,427,High,24955,16852,8103,8734.25,7486.50,1920600,11208.10,8734.25,2473.85,Not Applicable,1707200,13235.90,7486.50,5749.40,Not Applicable
137404000,2210000.00,997,quezon,747,High,40058,32678,7380,14020.30,12017.40,1989000,11607.26,14020.30,-2413.04,Applicable,1768000,13707.29,12017.40,1689.89,Not Applicable
063022000,1304700.00,585,iloilo,532,High,26443,17881,8562,9255.05,7932.90,1174230,6852.49,9255.05,-2402.56,Applicable,1043760,8092.26,7932.90,159.36,Not Applicable
072217000,2856000.00,662,cebu,849,High,24448,16151,8297,8556.80,7334.40,2570400,15000.16,8556.80,6443.36,Not Applicable,2284800,17714.03,7334.40,10379.63,Not Applicable
129804000,3884000.00,5,cotabato,347,High,25711,17735,7976,8998.85,7713.30,3495600,20399.37,8998.85,11400.52,Not Applicable,3107200,24090.09,7713.30,16376.79,Not Applicable
