code,name,oldName,isCapital,provinceCode,districtCode,regionCode,islandGroupCode,psgc10DigitCode
012805000,City of Batac,,false,012800000,null,010000000,luzon,0102805000
012812000,City of Laoag,,true,012800000,null,010000000,luzon,0102812000
012906000,City of Candon,,false,012900000,null,010000000,luzon,0102906000
012934000,City of Vigan,,true,012900000,null,010000000,luzon,0102934000
013314000,City of San Fernando,,true,013300000,null,010000000,luzon,0103314000
015503000,City of Alaminos,,false,015500000,null,010000000,luzon,0105503000
015518000,City of Dagupan,,false,015500000,null,010000000,luzon,0105518000
015532000,City of San Carlos,,false,015500000,null,010000000,luzon,0105532000
015546000,City of Urdaneta,,false,015500000,null,010000000,luzon,0105546000
021529000,Tuguegarao City,,true,021500000,null,020000000,luzon,0201529000
023108000,City of Cauayan,,false,023100000,null,020000000,luzon,0203108000
023114000,City of Ilagan,,true,023100000,null,020000000,luzon,0203114000
023135000,City of Santiago,,false,023100000,null,020000000,luzon,0203135000
030803000,City of Balanga,,true,030800000,null,030000000,luzon,0300803000
031410000,City of Malolos,,true,031400000,null,030000000,luzon,0301410000
031412000,City of Meycauayan,,false,031400000,null,030000000,luzon,0301412000
031420000,City of San Jose Del Monte,,false,031400000,null,030000000,luzon,0301420000
034903000,City of Cabanatuan,,false,034900000,null,030000000,luzon,0304903000
034908000,City of Gapan,,false,034900000,null,030000000,luzon,0304908000
034917000,Science City of Muñoz,,false,034900000,null,030000000,luzon,0304917000
034919000,City of Palayan,,true,034900000,null,030000000,luzon,0304919000
034926000,San Jose City,,false,034900000,null,030000000,luzon,0304926000
035401000,City of Angeles,,false,035400000,null,030000000,luzon,0330100000
035409000,Mabalacat City,,false,035400000,null,030000000,luzon,0305409000
035416000,City of San Fernando,,true,035400000,null,030000000,luzon,0305416000
036916000,City of Tarlac,,true,036900000,null,030000000,luzon,0306916000
037107000,City of Olongapo,,false,037100000,null,030000000,luzon,0331400000
041005000,Batangas City,,true,041000000,null,040000000,luzon,0401005000
041014000,City of Lipa,,false,041000000,null,040000000,luzon,0401014000
041028000,City of Sto. Tomas,,false,041000000,null,040000000,luzon,0401028000
041031000,City of Tanauan,,false,041000000,null,040000000,luzon,0401031000
042103000,City of Bacoor,,false,042100000,null,040000000,luzon,0402103000
042105000,City of Cavite,,false,042100000,null,040000000,luzon,0402105000
042106000,City of Dasmariñas,,false,042100000,null,040000000,luzon,0402106000
042108000,City of General Trias,,false,042100000,null,040000000,luzon,0402108000
042109000,City of Imus,,false,042100000,null,040000000,luzon,0402109000
042119000,City of Tagaytay,,false,042100000,null,040000000,luzon,0402119000
042122000,City of Trece Martires,,true,042100000,null,040000000,luzon,0402122000
043403000,City of Biñan,,false,043400000,null,040000000,luzon,0403403000
043404000,City of Cabuyao,,false,043400000,null,040000000,luzon,0403404000
043405000,City of Calamba,,false,043400000,null,040000000,luzon,0403405000
043424000,City of San Pablo,,false,043400000,null,040000000,luzon,0403424000
043425000,City of San Pedro,,false,043400000,null,040000000,luzon,0403425000
043428000,City of Santa Rosa,,false,043400000,null,040000000,luzon,0403428000
045624000,City of Lucena,,true,045600000,null,040000000,luzon,0431200000
045647000,City of Tayabas,,false,045600000,null,040000000,luzon,0405647000
045802000,City of Antipolo,,true,045800000,null,040000000,luzon,0405802000
175205000,City of Calapan,,true,175200000,null,170000000,luzon,1705205000
175316000,City of Puerto Princesa,,true,175300000,null,170000000,luzon,1731500000
050506000,City of Legazpi,,true,050500000,null,050000000,luzon,0500506000
050508000,City of Ligao,,false,050500000,null,050000000,luzon,0500508000
050517000,City of Tabaco,,false,050500000,null,050000000,luzon,0500517000
051716000,City of Iriga,,false,051700000,null,050000000,luzon,0501716000
051724000,City of Naga,,false,051700000,null,050000000,luzon,0501724000
054111000,City of Masbate,,true,054100000,null,050000000,luzon,0504111000
056216000,City of Sorsogon,,true,056200000,null,050000000,luzon,0506216000
061914000,City of Roxas,,true,061900000,null,060000000,visayas,0601914000
063022000,City of Iloilo,,true,063000000,null,060000000,visayas,0631000000
063035000,City of Passi,,false,063000000,null,060000000,visayas,0603035000
064501000,City of Bacolod,,true,064500000,null,060000000,visayas,0630200000
064502000,City of Bago,,false,064500000,null,060000000,visayas,0604502000
064504000,City of Cadiz,,false,064500000,null,060000000,visayas,0604504000
064509000,City of Escalante,,false,064500000,null,060000000,visayas,0604509000
064510000,City of Himamaylan,,false,064500000,null,060000000,visayas,0604510000
064515000,City of Kabankalan,,false,064500000,null,060000000,visayas,0604515000
064516000,City of La Carlota,,false,064500000,null,060000000,visayas,0604516000
064523000,City of Sagay,,false,064500000,null,060000000,visayas,0604523000
064524000,City of San Carlos,,false,064500000,null,060000000,visayas,0604524000
064526000,City of Silay,,false,064500000,null,060000000,visayas,0604526000
064527000,City of Sipalay,,false,064500000,null,060000000,visayas,0604527000
064528000,City of Talisay,,false,064500000,null,060000000,visayas,0604528000
064531000,City of Victorias,,false,064500000,null,060000000,visayas,0604531000
071242000,City of Tagbilaran,,true,071200000,null,070000000,visayas,0701242000
072211000,City of Bogo,,false,072200000,null,070000000,visayas,0702211000
072214000,City of Carcar,,false,072200000,null,070000000,visayas,0702214000
072217000,City of Cebu,,true,072200000,null,070000000,visayas,0730600000
072223000,Danao City,,false,072200000,null,070000000,visayas,0702223000
072226000,City of Lapu-Lapu,Opon,false,072200000,null,070000000,visayas,0731100000
072230000,City of Mandaue,,false,072200000,null,070000000,visayas,0731300000
072234000,City of Naga,,false,072200000,null,070000000,visayas,0702234000
072250000,City of Talisay,,false,072200000,null,070000000,visayas,0702250000
072251000,City of Toledo,,false,072200000,null,070000000,visayas,0702251000
074604000,City of Bais,,false,074600000,null,070000000,visayas,0704604000
074606000,City of Bayawan,Tulong,false,074600000,null,070000000,visayas,0704606000
074608000,City of Canlaon,,false,074600000,null,070000000,visayas,0704608000
074610000,City of Dumaguete,,true,074600000,null,070000000,visayas,0704610000
074611000,City of Guihulngan,,false,074600000,null,070000000,visayas,0704611000
074621000,City of Tanjay,,false,074600000,null,070000000,visayas,0704621000
082604000,City of Borongan,,true,082600000,null,080000000,visayas,0802604000
083708000,City of Baybay,,false,083700000,null,080000000,visayas,0803708000
083738000,Ormoc City,,false,083700000,null,080000000,visayas,0803738000
083747000,City of Tacloban,,true,083700000,null,080000000,visayas,0831600000
086003000,City of Calbayog,,false,086000000,null,080000000,visayas,0806003000
086005000,City of Catbalogan,,true,086000000,null,080000000,visayas,0806005000
086407000,City of Maasin,,true,086400000,null,080000000,visayas,0806407000
097201000,City of Dapitan,,false,097200000,null,090000000,mindanao,0907201000
097202000,City of Dipolog,,true,097200000,null,090000000,mindanao,0907202000
097322000,City of Pagadian,,true,097300000,null,090000000,mindanao,0907322000
097332000,City of Zamboanga,,false,097300000,null,090000000,mindanao,0931700000
099701000,City of Isabela,,false,null,null,090000000,mindanao,0990101000
101312000,City of Malaybalay,,true,101300000,null,100000000,mindanao,1001312000
101321000,City of Valencia,,false,101300000,null,100000000,mindanao,1001321000
103504000,City of Iligan,,false,103500000,null,100000000,mindanao,1030900000
104209000,City of Oroquieta,,true,104200000,null,100000000,mindanao,1004209000
104210000,City of Ozamiz,,false,104200000,null,100000000,mindanao,1004210000
104215000,City of Tangub,,false,104200000,null,100000000,mindanao,1004215000
104305000,City of Cagayan De Oro,,true,104300000,null,100000000,mindanao,1030500000
104307000,City of El Salvador,,false,104300000,null,100000000,mindanao,1004307000
104308000,City of Gingoog,,false,104300000,null,100000000,mindanao,1004308000
112315000,City of Panabo,,false,112300000,null,110000000,mindanao,1102315000
112317000,Island Garden City of Samal,,false,112300000,null,110000000,mindanao,1102317000
112319000,City of Tagum,,true,112300000,null,110000000,mindanao,1102319000
112402000,City of Davao,,false,112400000,null,110000000,mindanao,1130700000
112403000,City of Digos,,true,112400000,null,110000000,mindanao,1102403000
112509000,City of Mati,,true,112500000,null,110000000,mindanao,1102509000
124704000,City of Kidapawan,,true,124700000,null,120000000,mindanao,1204704000
126303000,City of General Santos,Dadiangas,false,126300000,null,120000000,mindanao,1230800000
126306000,City of Koronadal,,true,126300000,null,120000000,mindanao,1206306000
126511000,City of Tacurong,,false,126500000,null,120000000,mindanao,1206511000
133900000,City of Manila,,false,null,133900000,130000000,luzon,1380600000
137401000,City of Mandaluyong,,false,null,137400000,130000000,luzon,1380500000
137402000,City of Marikina,,false,null,137400000,130000000,luzon,1380700000
137403000,City of Pasig,,false,null,137400000,130000000,luzon,1381200000
137404000,Quezon City,,false,null,137400000,130000000,luzon,1381300000
137405000,City of San Juan,,false,null,137400000,130000000,luzon,1381400000
137501000,City of Caloocan,,false,null,137500000,130000000,luzon,1380100000
137502000,City of Malabon,,false,null,137500000,130000000,luzon,1380400000
137503000,City of Navotas,,false,null,137500000,130000000,luzon,1380900000
137504000,City of Valenzuela,,false,null,137500000,130000000,luzon,1381600000
137601000,City of Las Piñas,,false,null,137600000,130000000,luzon,1380200000
137602000,City of Makati,,false,null,137600000,130000000,luzon,1380300000
137603000,City of Muntinlupa,,false,null,137600000,130000000,luzon,1380800000
137604000,City of Parañaque,,false,null,137600000,130000000,luzon,1381000000
137605000,Pasay City,,false,null,137600000,130000000,luzon,1381100000
137607000,City of Taguig,,false,null,137600000,130000000,luzon,1381500000
141102000,City of Baguio,,false,141100000,null,140000000,luzon,1430300000
143213000,City of Tabuk,,true,143200000,null,140000000,luzon,1403213000
160202000,City of Butuan,,true,160200000,null,160000000,mindanao,1630400000
160203000,City of Cabadbaran,,false,160200000,null,160000000,mindanao,1600203000
160301000,City of Bayugan,,false,160300000,null,160000000,mindanao,1600301000
166724000,City of Surigao,,true,166700000,null,160000000,mindanao,1606724000
166803000,City of Bislig,,false,166800000,null,160000000,mindanao,1606803000
166819000,City of Tandag,,true,166800000,null,160000000,mindanao,1606819000
150702000,City of Lamitan,,true,150700000,null,150000000,mindanao,1900702000
153617000,City of Marawi,,true,153600000,null,150000000,mindanao,1903617000
129804000,City of Cotabato,,false,null,null,120000000,mindanao,1903804000
